"","X","Y","Potter","Weasley","Granger","Trip","Close","Far"
"1",4.26022070299265,3.5933908006415,1,0,0,1,0,0
"2",7.74676374551475,6.23959091211799,1,0,0,1,0,0
"3",11.030760130485,9.61821360113184,1,0,0,1,0,0
"4",14.9267474030638,13.1475283487465,1,0,0,1,1,6
"5",17.6703157534644,15.4434370400186,1,0,0,1,0,10
"6",20.8101337430245,17.5817150207387,1,0,0,1,0,0
"7",24.3379059192623,20.4244069472749,1,0,0,1,0,0
"8",26.4911483405732,23.0712337929836,1,0,0,1,0,0
"9",28.0927094204599,27.4345128464325,1,0,0,1,0,1
"10",29.4483263591301,29.0461847350482,1,0,0,1,0,3
"11",32.0204673127867,30.0576734832269,1,0,0,1,0,6
"12",33.8336942623675,31.5391248427791,1,0,0,1,1,7
"13",33.9114514336364,32.9471464505568,1,0,0,1,0,3
"14",35.1690803381192,34.235333696776,1,0,0,1,0,2
"15",37.6257513922587,35.6108589490515,1,0,0,1,0,1
"16",38.8001189901024,35.5074521242021,1,0,0,1,0,0
"17",39.4448197038266,36.378778178858,1,0,0,1,0,0
"18",39.9412008696162,37.3565085697174,1,0,0,1,0,0
"19",40.881928819331,38.2259706264695,1,0,0,1,0,0
"20",42.1475978474699,41.7787819256671,1,0,0,1,0,0
"21",43.3686124272837,42.2419889595153,1,0,0,1,0,0
"22",45.80760103201,43.3099453203802,1,0,0,1,0,0
"23",47.0792036578207,43.859917145158,1,0,0,1,0,0
"24",48.9699578933163,44.6899535758218,1,0,0,1,0,0
"25",52.3860436737641,45.0469791969229,1,0,0,1,0,0
"26",53.1354838719376,45.3737749353833,1,0,0,1,0,0
"27",54.3465570740937,45.203045001918,1,0,0,1,0,0
"28",56.1583179931451,46.4245033186484,1,0,0,1,0,0
"29",56.3828526549145,46.8383175753905,1,0,0,1,0,0
"30",55.362385224354,47.2075564772559,1,0,0,1,0,0
"31",56.9196769440929,46.9027211012977,1,0,0,1,0,0
"32",58.095761796278,47.501369952459,1,0,0,1,0,2
"33",59.2502134010538,48.4294081349925,1,0,0,1,0,9
"34",60.8111684905267,47.3185069806396,1,0,0,1,0,4
"35",59.814246855885,46.3330289349618,1,0,0,1,0,1
"36",60.1651908043852,47.5986708331059,1,0,0,1,1,5
"37",61.5243318157857,46.412868435833,1,0,0,1,0,1
"38",60.3382550928501,46.3991201648717,1,0,0,1,0,1
"39",59.3261438953083,45.5783877298042,1,0,0,1,0,0
"40",59.4133062616995,46.1397192096652,1,0,0,1,0,0
"41",61.0009902315406,46.07285707321,1,0,0,1,0,2
"42",61.4911042255597,46.2462950989317,1,0,0,1,0,2
"43",62.5786186562375,46.4591980389945,1,0,0,1,0,1
"44",62.2329541571993,48.2293526829594,1,0,0,1,0,17
"45",61.3150824884131,48.1072348450456,1,0,0,1,1,16
"46",62.1907934223252,49.9030011851314,1,0,0,1,11,39
"47",62.9498529927887,50.866834357315,1,0,0,1,6,34
"48",63.0641074417111,50.9755134755204,1,0,0,1,7,33
"49",64.4583108792245,50.2666011175466,1,0,0,1,0,14
"50",64.8833148858548,50.8861350935675,1,0,0,1,0,8
"51",66.7286796264983,50.2632435136621,1,0,0,1,0,3
"52",68.3748464017784,51.0197958658584,1,0,0,1,0,7
"53",69.5773189478901,50.1574390928378,1,0,0,1,4,16
"54",70.6080348213071,51.8388736890348,1,0,0,1,1,12
"55",72.0518228322808,50.4005565648952,1,0,0,1,3,29
"56",71.4879584004289,50.8310964663226,1,0,0,1,2,22
"57",72.6724764830984,49.063719677704,1,0,0,1,4,26
"58",72.4081842364309,49.2331049436971,1,0,0,1,5,25
"59",70.5900995550565,48.8571975174341,1,0,0,1,10,23
"60",71.5918228548937,50.6894609541925,1,0,0,1,3,23
"61",72.198045137741,51.0289911029948,1,0,0,1,5,24
"62",70.9243379807977,50.8716438621571,1,0,0,1,2,20
"63",72.0727063213842,51.2981977619713,1,0,0,1,3,20
"64",71.1939191397022,51.4531465785086,1,0,0,1,1,18
"65",72.3756650161188,50.6665873824756,1,0,0,1,5,26
"66",71.6825701709329,50.1361051310383,1,0,0,1,3,28
"67",72.1768664604303,51.179618481878,1,0,0,1,3,23
"68",72.5343466353244,50.9330278510365,1,0,0,1,5,24
"69",71.6126326855879,50.8306090340163,1,0,0,1,3,23
"70",70.9700962682275,52.8083917064827,1,0,0,1,0,9
"71",70.2261461629632,52.8338496053531,1,0,0,1,0,6
"72",71.4661671850646,52.2227546116423,1,0,0,1,1,15
"73",71.6045036681688,53.7854023630186,1,0,0,1,2,6
"74",72.0656080356361,53.5639244298954,1,0,0,1,2,13
"75",71.7418550858268,54.7470845676373,1,0,0,1,1,5
"76",71.1413562770666,53.2614935089491,1,0,0,1,0,6
"77",71.0965780214913,55.06371554125,1,0,0,1,0,3
"78",70.3673796089823,53.1801770014184,1,0,0,1,0,5
"79",69.2369141759354,54.5942128358616,1,0,0,1,0,0
"80",70.9374271933866,56.5719990047459,1,0,0,1,0,0
"81",70.9251147771879,56.2806366234296,1,0,0,1,0,1
"82",68.9804258777418,57.3119730048033,1,0,0,1,1,4
"83",69.4187272646033,58.3744160961911,1,0,0,1,2,6
"84",68.4599786077476,59.4295264331896,1,0,0,1,2,14
"85",68.3312371545618,59.0484545182057,1,0,0,1,2,15
"86",68.7021903786244,58.7631950047435,1,0,0,1,2,12
"87",68.8663209936939,60.2728571123659,1,0,0,1,2,17
"88",68.7057862492973,59.7137272474646,1,0,0,1,2,13
"89",67.9444886634809,59.4947239203276,1,0,0,1,3,15
"90",67.635695970057,59.9148794499502,1,0,0,1,4,20
"91",67.72396159733,60.5080881162811,1,0,0,1,8,20
"92",67.6235926168102,60.5440859386255,1,0,0,1,8,19
"93",69.5367364573275,61.393694627295,1,0,0,1,2,19
"94",70.1718242617851,60.3462735774162,1,0,0,1,1,12
"95",71.4651096511943,61.356717676409,1,0,0,1,4,22
"96",70.5433405455846,61.0144650761932,1,0,0,1,3,15
"97",70.9562084186225,61.4312405839071,1,0,0,1,4,17
"98",69.9636113680304,61.205863435999,1,0,0,1,3,15
"99",68.4206361665142,61.3587949815188,1,0,0,1,2,21
"100",69.8892442758864,60.4513649146122,1,0,0,1,0,16
"101",69.5768149530287,61.8802343522927,1,0,0,1,2,18
"102",69.5067958564141,63.1977896737525,1,0,0,1,1,14
"103",68.0494216434284,63.8741088140052,1,0,0,1,3,8
"104",69.7677838184557,61.8646395429268,1,0,0,1,2,16
"105",68.6291377197839,60.9810485701873,1,0,0,1,2,22
"106",67.0768045606216,60.3439888905518,1,0,0,1,7,22
"107",66.6877193326728,61.0087200176989,1,0,0,1,7,21
"108",66.0018269694049,59.0599431878876,1,0,0,1,3,13
"109",66.6164519855764,61.1940643539905,1,0,0,1,7,22
"110",66.2258441324155,60.4471698568346,1,0,0,1,3,19
"111",64.0929879473942,59.8648917193267,1,0,0,1,1,4
"112",64.6708843685194,60.6268185955259,1,0,0,1,1,10
"113",64.8444220617445,60.6778122183291,1,0,0,1,1,10
"114",64.8882563111815,62.5562116596932,1,0,0,1,1,7
"115",64.7802758552075,61.464271470977,1,0,0,1,1,9
"116",64.698424150263,60.446369041163,1,0,0,1,1,10
"117",64.1181844300407,61.4558272490164,1,0,0,1,0,5
"118",64.200796179272,60.0907098451997,1,0,0,1,1,5
"119",63.3332863732406,60.1819581465746,1,0,0,1,0,1
"120",63.1535433293132,60.6955161198967,1,0,0,1,0,1
"121",62.9486822391763,60.3341334548519,1,0,0,1,0,1
"122",63.8876602118381,61.6067964187152,1,0,0,1,0,5
"123",64.2298873149431,63.6290802232376,1,0,0,1,0,2
"124",66.3528020619907,62.8427376285428,1,0,0,1,3,15
"125",67.4847424322134,61.3158656923518,1,0,0,1,6,21
"126",67.6362942202551,61.4798759123012,1,0,0,1,5,21
"127",66.8235877925277,60.509515317633,1,0,0,1,5,21
"128",64.366012258492,60.4783327572122,1,0,0,1,1,7
"129",64.5758757153165,59.4401401233691,1,0,0,1,1,5
"130",62.2015055314719,59.9255065770083,1,0,0,1,0,2
"131",62.5966745693253,60.5861474835713,1,0,0,1,0,2
"132",61.3254195960615,60.2236824893231,1,0,0,1,0,2
"133",60.7825582892072,61.3326412647437,1,0,0,1,0,3
"134",60.1824428853339,60.2184579270638,1,0,0,1,1,7
"135",59.4120051879103,61.3270456453517,1,0,0,1,1,8
"136",57.3899355997518,60.7821088847748,1,0,0,1,4,19
"137",55.1868443030409,61.8573368898593,1,0,0,1,3,24
"138",55.016633334857,61.7322556271632,1,0,0,1,4,24
"139",56.3673392704817,61.2007263223292,1,0,0,1,4,24
"140",57.9235777814222,58.9240051457617,1,0,0,1,7,36
"141",58.7332756678065,57.1893902371806,1,0,0,1,11,37
"142",57.1872846828974,56.0748175411552,1,0,0,1,4,36
"143",58.0920200478955,55.5460224531044,1,0,0,1,6,29
"144",55.9486129289342,56.3078698849076,1,0,0,1,3,31
"145",56.522013123232,56.1543019898762,1,0,0,1,3,34
"146",57.5672195451315,56.8308763131748,1,0,0,1,6,41
"147",56.3269164028906,57.958137305163,1,0,0,1,9,35
"148",55.9050035291368,57.619597312511,1,0,0,1,8,33
"149",57.3657854895073,56.9020575234212,1,0,0,1,9,40
"150",56.6755768281393,58.3535778573697,1,0,0,1,7,37
"151",57.062917329559,58.3730558594544,1,0,0,1,9,39
"152",57.6335801887001,58.2397895935525,1,0,0,1,11,41
"153",59.1031729512144,57.7793959318871,1,0,0,1,8,32
"154",59.9225563867477,57.8379343910965,1,0,0,1,6,28
"155",58.6527572575894,58.9856292236818,1,0,0,1,4,33
"156",56.588678246159,59.5788162876663,1,0,0,1,6,39
"157",55.9483467351601,60.253158692654,1,0,0,1,4,32
"158",56.0122057672017,58.2579051286992,1,0,0,1,8,38
"159",55.9194307651247,59.04511318091,1,0,0,1,6,38
"160",55.4051281700998,59.5390747617554,1,0,0,1,6,34
"161",56.7005357361168,59.0246964842828,1,0,0,1,5,37
"162",57.0991337021397,57.9736561648575,1,0,0,1,10,40
"163",57.3472350136094,59.969712849184,1,0,0,1,4,30
"164",58.0738231090824,60.8370453968628,1,0,0,1,3,14
"165",3.22682424740819,3.75174141755135,1,0,0,2,0,0
"166",6.70958262553531,7.68075381984292,1,0,0,2,0,0
"167",9.69632786797373,8.4924751640439,1,0,0,2,0,0
"168",10.9629655867236,11.1223400257037,1,0,0,2,0,0
"169",11.5006994241661,13.0767268288317,1,0,0,2,0,0
"170",13.9815012831449,15.1026144638668,1,0,0,2,0,0
"171",18.3389504642179,17.8091897566486,1,0,0,2,0,0
"172",21.4670184211513,19.6940263343567,1,0,0,2,0,0
"173",23.0854835884501,22.058470082131,1,0,0,2,0,0
"174",25.2687009701317,23.2941619680862,1,0,0,2,0,0
"175",25.991983425149,24.7607914555127,1,0,0,2,0,0
"176",26.7586185826079,27.9186326081872,1,0,0,2,0,0
"177",28.5247013865428,30.2393294479544,1,0,0,2,0,0
"178",30.5316813258999,31.5346934323751,1,0,0,2,0,1
"179",31.8978239187759,33.5685030075142,1,0,0,2,0,0
"180",32.2224522474213,35.1628864548898,1,0,0,2,0,0
"181",33.342984590194,38.3662132340815,1,0,0,2,0,0
"182",32.7051842064354,39.7654388629938,1,0,0,2,0,0
"183",33.1113813545054,38.6837035539507,1,0,0,2,0,0
"184",33.7869209324617,40.4224268461306,1,0,0,2,0,0
"185",35.0419437854238,41.6451258798575,1,0,0,2,0,0
"186",37.4891345999175,43.0055224645065,1,0,0,2,0,0
"187",37.9693654770931,43.1661198918334,1,0,0,2,0,0
"188",40.3103475515529,44.7558037801863,1,0,0,2,0,0
"189",41.0160348877492,44.5409916511124,1,0,0,2,0,0
"190",41.8803984740914,44.271359090036,1,0,0,2,0,0
"191",42.4186729372173,45.2134296121011,1,0,0,2,0,0
"192",43.0347227124566,45.0014500302666,1,0,0,2,0,0
"193",42.3728159859886,44.9404873763172,1,0,0,2,0,0
"194",43.6703041710303,44.4682213718786,1,0,0,2,0,0
"195",46.3680811901183,44.1219579944962,1,0,0,2,0,0
"196",46.9843149632458,45.0611182806863,1,0,0,2,0,0
"197",47.4968891348351,45.4072211111801,1,0,0,2,0,0
"198",46.5728024152778,47.3076608890116,1,0,0,2,0,1
"199",48.6774433639137,47.7338378813512,1,0,0,2,0,0
"200",47.9371787076269,48.1127848771093,1,0,0,2,0,1
"201",47.8337219148667,48.6722095609565,1,0,0,2,0,3
"202",47.2938139292195,49.2791708448262,1,0,0,2,1,12
"203",47.7259465577359,50.9449383400979,1,0,0,2,4,27
"204",49.6163900863337,51.6054331718128,1,0,0,2,6,29
"205",50.6043118014908,52.1497460240527,1,0,0,2,2,25
"206",51.3651165375134,52.9378117987209,1,0,0,2,3,32
"207",51.8018940162922,53.969531961495,1,0,0,2,3,37
"208",52.7342985485528,53.2203540390002,1,0,0,2,2,20
"209",53.6554374151156,52.6545085013699,1,0,0,2,0,10
"210",54.255321245076,53.1685435431747,1,0,0,2,1,12
"211",53.6219655908083,53.6571384256556,1,0,0,2,3,16
"212",53.9767728895881,54.0202905496497,1,0,0,2,2,15
"213",53.9281955902309,54.8262385644758,1,0,0,2,5,17
"214",54.9282567075244,54.5188520808404,1,0,0,2,3,17
"215",55.1130864655644,55.7550294941649,1,0,0,2,2,21
"216",55.4669944000967,58.1441441459738,1,0,0,2,7,32
"217",56.1699372432264,57.3395916521039,1,0,0,2,7,35
"218",56.2939582367368,57.1819205366197,1,0,0,2,6,36
"219",58.3633085898266,57.8571778853904,1,0,0,2,10,40
"220",59.3013341738879,59.0556376692427,1,0,0,2,1,28
"221",59.0002422140943,59.9829658085634,1,0,0,2,3,22
"222",59.109153801839,59.1620675892168,1,0,0,2,2,31
"223",60.3339692816786,57.3780614670144,1,0,0,2,2,21
"224",60.0919300989116,57.041591324044,1,0,0,2,6,24
"225",60.1154479235094,56.9085747065751,1,0,0,2,6,24
"226",59.3969956546016,55.8700387821156,1,0,0,2,5,28
"227",58.4324626675513,55.9065645988187,1,0,0,2,6,31
"228",59.4745168900967,55.2276823834954,1,0,0,2,2,26
"229",59.3660501924795,54.6867454418563,1,0,0,2,0,22
"230",59.4031459724655,56.0736257556872,1,0,0,2,6,27
"231",61.066432853672,56.4238797122185,1,0,0,2,1,15
"232",61.1175483599012,56.1798308589182,1,0,0,2,1,14
"233",60.044944548001,57.9940724624014,1,0,0,2,4,26
"234",61.1783298417898,58.3994856677392,1,0,0,2,1,12
"235",61.4786423711824,59.9009279736394,1,0,0,2,0,2
"236",61.5632253965946,61.1292996811823,1,0,0,2,0,2
"237",60.5724895539874,60.9014579402301,1,0,0,2,0,4
"238",61.7025631661985,59.3998495577103,1,0,0,2,0,3
"239",59.6806533012882,58.3443687417202,1,0,0,2,6,27
"240",60.0588103059213,61.3035663396925,1,0,0,2,0,5
"241",59.9312271416302,62.0380941127333,1,0,0,2,0,3
"242",59.5973869777879,63.0305430750304,1,0,0,2,0,1
"243",59.5884996591565,63.485510120986,1,0,0,2,0,0
"244",59.2970864329169,63.6818010526097,1,0,0,2,0,0
"245",60.2639497994818,64.7046544928236,1,0,0,2,0,0
"246",60.0678585089158,64.5957762743577,1,0,0,2,0,0
"247",60.3853905025858,63.126815468034,1,0,0,2,0,0
"248",59.6839995240736,62.1564194913585,1,0,0,2,0,4
"249",58.8812644772748,62.4886504754656,1,0,0,2,0,5
"250",59.4642370460537,61.1839838505938,1,0,0,2,1,9
"251",58.6072745006281,61.5512994115255,1,0,0,2,2,7
"252",58.0055291057483,63.6095681823168,1,0,0,2,0,3
"253",58.6514067852333,63.5472848285199,1,0,0,2,0,2
"254",59.9872452258693,62.5639593497244,1,0,0,2,0,1
"255",60.0121638802137,62.3386485710305,1,0,0,2,0,2
"256",60.1590444625622,62.665237464329,1,0,0,2,0,1
"257",61.263603525242,63.2488780434372,1,0,0,2,0,0
"258",61.3467083294052,63.7039964214023,1,0,0,2,0,0
"259",60.9136596822844,63.8638327141652,1,0,0,2,0,0
"260",62.837883919529,64.6548521051816,1,0,0,2,0,0
"261",63.5124002277942,65.4649059163018,1,0,0,2,0,0
"262",63.9193757815013,65.4780536257168,1,0,0,2,0,0
"263",63.4098212302748,65.53981925808,1,0,0,2,0,0
"264",64.1744635751053,63.6864644640179,1,0,0,2,0,2
"265",64.4364970296645,64.2007280102591,1,0,0,2,0,2
"266",64.1991796611616,63.9560812911184,1,0,0,2,0,2
"267",64.4028817319417,61.9270042625356,1,0,0,2,0,7
"268",61.614203755609,61.5886759402162,1,0,0,2,0,1
"269",60.7645342868047,61.4583700694994,1,0,0,2,0,2
"270",60.7501352285246,59.481362278188,1,0,0,2,2,10
"271",60.150916733668,58.9950462856108,1,0,0,2,2,18
"272",61.5149529096086,60.3039622689565,1,0,0,2,0,2
"273",62.3582060385142,60.9821098262525,1,0,0,2,0,1
"274",62.68910303267,61.5264018972419,1,0,0,2,0,0
"275",61.5079337583175,61.4488064090046,1,0,0,2,0,1
"276",60.0013890969439,62.4088725004815,1,0,0,2,0,2
"277",60.1131162189204,62.236695098027,1,0,0,2,0,2
"278",60.77913513384,62.7654193389282,1,0,0,2,0,0
"279",60.1180223365122,63.5411774002558,1,0,0,2,0,0
"280",59.7234159474036,64.3872566760768,1,0,0,2,0,0
"281",60.9003646697865,65.7364024564834,1,0,0,2,0,1
"282",60.541644898021,65.7995240014837,1,0,0,2,0,1
"283",61.4312130618047,67.4574257419062,1,0,0,2,1,6
"284",62.2149377531284,67.4543835877597,1,0,0,2,0,5
"285",61.216395112474,67.7137004178131,1,0,0,2,1,7
"286",62.008369076085,67.4313031544826,1,0,0,2,0,5
"287",62.4589277152186,66.0668772476726,1,0,0,2,0,1
"288",60.5865717836708,68.1603679609276,1,0,0,2,2,9
"289",62.1747060326494,66.535123132533,1,0,0,2,0,2
"290",61.7772156374744,67.0977257814184,1,0,0,2,0,4
"291",61.0381187900872,65.8476320856163,1,0,0,2,0,1
"292",61.8248428179944,64.8817883357925,1,0,0,2,0,0
"293",62.135504237714,64.8574516852639,1,0,0,2,0,0
"294",61.6242567131537,62.6639672148288,1,0,0,2,0,0
"295",62.7580799377432,64.4047463741089,1,0,0,2,0,0
"296",62.199476853181,64.3866579595515,1,0,0,2,0,0
"297",61.7927182057916,64.6517320499629,1,0,0,2,0,0
"298",62.1604859366563,65.3139884520835,1,0,0,2,0,0
"299",62.8471416814284,66.5322580681515,1,0,0,2,0,2
"300",64.5749885738385,65.6258624669077,1,0,0,2,0,0
"301",65.4110554934502,66.0134652469537,1,0,0,2,0,0
"302",66.1854552493106,65.6012772862187,1,0,0,2,0,1
"303",65.4653586139208,65.6784387365023,1,0,0,2,0,1
"304",67.5534709843088,65.7086915208249,1,0,0,2,0,0
"305",67.3582343520962,66.9861426415514,1,0,0,2,0,0
"306",65.270366169328,68.1414558805508,1,0,0,2,0,0
"307",65.6933321837096,68.4624885005884,1,0,0,2,0,0
"308",64.655508624564,68.7409712902414,1,0,0,2,0,2
"309",65.2380098011924,67.0639268501638,1,0,0,2,0,0
"310",65.0973236027268,65.6401597808953,1,0,0,2,0,1
"311",64.4250955501476,65.1290541551718,1,0,0,2,0,1
"312",63.4822110437178,65.095253947409,1,0,0,2,0,0
"313",62.7954988370543,65.8977710909392,1,0,0,2,0,0
"314",62.2398336805819,64.7633444668489,1,0,0,2,0,0
"315",62.5076480073596,64.1451868269654,1,0,0,2,0,0
"316",62.125912985024,65.3085417602288,1,0,0,2,0,0
"317",62.994800991533,64.2093882724707,1,0,0,2,0,0
"318",62.9142378084831,62.3979791165556,1,0,0,2,0,0
"319",63.013808480315,64.3354147045832,1,0,0,2,0,0
"320",62.705690692384,64.4309220324983,1,0,0,2,0,0
"321",61.1826281819173,64.0265039624405,1,0,0,2,0,0
"322",60.4336604206642,64.771620369813,1,0,0,2,0,0
"323",61.0174704764741,64.8839696837779,1,0,0,2,0,0
"324",61.6053582639742,66.2501733572877,1,0,0,2,0,1
"325",62.7868064965835,65.3786023397839,1,0,0,2,0,0
"326",63.8221220951201,65.9974431140734,1,0,0,2,0,0
"327",64.457149993897,65.8299579965749,1,0,0,2,0,0
"328",64.2175397726141,64.7597488886727,1,0,0,2,0,1
"329",65.4110066736675,64.4012372043179,1,0,0,2,0,2
"330",66.2364960479356,63.8033689980084,1,0,0,2,1,10
"331",67.0793974601315,63.4171680562222,1,0,0,2,4,11
"332",67.5647002518495,65.2728747493285,1,0,0,2,0,4
"333",2.34554600176796,4.76976320767593,1,0,0,3,0,0
"334",4.38560723773214,6.60037144396362,1,0,0,3,0,0
"335",5.72859108864311,8.57665357806702,1,0,0,3,0,0
"336",5.60333102170347,10.0222217255975,1,0,0,3,0,0
"337",8.36351509621464,11.8579002913878,1,0,0,3,0,0
"338",11.2866630737391,14.5875160237058,1,0,0,3,0,0
"339",14.4848421667996,15.7353118002309,1,0,0,3,0,0
"340",15.7926361896644,16.8924420342836,1,0,0,3,0,0
"341",17.3867384463478,17.5894804729183,1,0,0,3,0,0
"342",18.5640185546365,20.1696795728178,1,0,0,3,0,0
"343",18.9529727755239,23.3368907592382,1,0,0,3,0,0
"344",20.9649097964528,27.1107632213264,1,0,0,3,0,0
"345",22.7198744597112,28.4791288840235,1,0,0,3,0,0
"346",24.343156340419,29.8383450414854,1,0,0,3,0,0
"347",25.3394704366585,34.3846514569808,1,0,0,3,0,0
"348",26.5590482243451,36.2610884084119,1,0,0,3,0,0
"349",27.7844193182176,37.2243441390721,1,0,0,3,0,0
"350",29.1851864417869,40.2604788259153,1,0,0,3,0,0
"351",28.8121401313008,41.1193534314918,1,0,0,3,0,0
"352",29.1779785778048,42.6849987479889,1,0,0,3,0,0
"353",27.6701465575575,45.7794023094686,1,0,0,3,0,0
"354",28.9019644870102,45.6753381970564,1,0,0,3,0,0
"355",30.4446301174022,45.1422993646771,1,0,0,3,0,0
"356",32.2791636163001,46.60010305466,1,0,0,3,0,0
"357",33.2616941246433,46.4783420674127,1,0,0,3,0,0
"358",35.5547741130217,48.4354806201872,1,0,0,3,0,0
"359",37.2042868893129,48.7387945170851,1,0,0,3,0,0
"360",37.9167598488586,49.0324867315795,1,0,0,3,0,0
"361",38.4849260809981,48.8462343283194,1,0,0,3,0,0
"362",37.5818990643565,49.2725374157874,1,0,0,3,0,0
"363",40.7429157778797,50.1937563656053,1,0,0,3,0,3
"364",41.7365095566564,51.3404537364464,1,0,0,3,1,15
"365",39.335197106773,52.7296020568669,1,0,0,3,2,19
"366",39.6815339631973,53.2000742992361,1,0,0,3,4,20
"367",39.7874167333595,53.8075039411169,1,0,0,3,7,24
"368",40.5239725375275,56.1945471382128,1,0,0,3,7,35
"369",42.6045687802004,55.5874952276174,1,0,0,3,9,33
"370",43.191989116584,55.0855302696144,1,0,0,3,6,37
"371",45.2094760752172,56.2321600700718,1,0,0,3,2,17
"372",44.4500476687761,56.8218602479163,1,0,0,3,1,14
"373",44.9933109414414,58.2663068802421,1,0,0,3,0,5
"374",44.3260386032568,57.8107080276653,1,0,0,3,1,12
"375",45.9423967585972,58.9254066283332,1,0,0,3,0,2
"376",45.9180085873844,61.0827656212079,1,0,0,3,0,0
"377",44.1588058398092,62.4297525610876,1,0,0,3,0,0
"378",45.8503175241662,62.5139801203628,1,0,0,3,0,0
"379",44.713945873336,61.2573738476662,1,0,0,3,0,0
"380",46.1770627590447,60.8570240870489,1,0,0,3,0,0
"381",46.3205005439642,61.4140576917643,1,0,0,3,0,0
"382",46.8847168674402,61.5432685657888,1,0,0,3,0,0
"383",47.1151294016011,60.9035498811292,1,0,0,3,0,1
"384",45.7306889775597,61.8848095812248,1,0,0,3,0,0
"385",46.1878319461218,62.5466371587563,1,0,0,3,0,0
"386",47.4720620625573,63.3984970529722,1,0,0,3,0,1
"387",47.1543185211002,63.3151527772221,1,0,0,3,0,0
"388",46.1806579057621,63.5108007772225,1,0,0,3,0,0
"389",47.0968027164175,64.31799764406,1,0,0,3,0,0
"390",48.7589772784521,64.6888851605362,1,0,0,3,0,8
"391",51.052827668147,63.1037104281017,1,0,0,3,2,26
"392",52.6688818078013,63.0075422929191,1,0,0,3,4,21
"393",55.4547377844165,62.2209960491789,1,0,0,3,4,20
"394",55.2130487950554,62.1464808517836,1,0,0,3,4,24
"395",55.559689985443,61.9885316521297,1,0,0,3,3,23
"396",55.12115266258,62.3066102972801,1,0,0,3,4,22
"397",56.8194317880231,62.9361005072658,1,0,0,3,0,8
"398",56.839683511643,63.5488869411974,1,0,0,3,0,7
"399",56.10313193678,63.1458896698515,1,0,0,3,0,9
"400",56.8308084902838,63.9822753854062,1,0,0,3,0,5
"401",57.224609455957,64.5691183432422,1,0,0,3,0,2
"402",57.4046292932078,64.4788937595872,1,0,0,3,0,2
"403",55.6914470573418,64.3866257120199,1,0,0,3,2,4
"404",55.62051874855,64.1035612674067,1,0,0,3,0,6
"405",54.511996466309,64.5971058423103,1,0,0,3,1,9
"406",54.5972740394085,61.3027175740412,1,0,0,3,8,26
"407",54.7938594188364,62.3743868484454,1,0,0,3,3,22
"408",55.9756948926095,62.6267889280054,1,0,0,3,0,13
"409",57.5850772283649,63.9739778459637,1,0,0,3,0,2
"410",57.9063420809351,64.5385364040063,1,0,0,3,0,1
"411",56.8676691010765,64.1172191938913,1,0,0,3,0,2
"412",58.5912141116373,62.5291660486066,1,0,0,3,0,5
"413",58.5041967635635,62.1704912868142,1,0,0,3,0,5
"414",57.5700615995407,61.7985632622078,1,0,0,3,3,12
"415",56.8679500081321,60.7120392658939,1,0,0,3,4,22
"416",57.6378269563783,59.2979287037973,1,0,0,3,6,36
"417",56.1238096876408,59.1926212771271,1,0,0,3,5,37
"418",55.018749140426,59.6517268917763,1,0,0,3,6,35
"419",53.8498695624671,59.3350899587871,1,0,0,3,5,33
"420",54.9224918633336,59.990709271058,1,0,0,3,6,31
"421",55.9906000641727,59.2652088069546,1,0,0,3,5,40
"422",55.4754605676221,58.4849337082055,1,0,0,3,4,34
"423",54.3704671236276,58.3263080203714,1,0,0,3,2,33
"424",55.138431185615,57.8007359109294,1,0,0,3,5,26
"425",55.7369561646456,56.5380123359499,1,0,0,3,3,29
"426",56.5931972486055,56.6944479860107,1,0,0,3,4,32
"427",56.1070615946975,56.0861171325538,1,0,0,3,3,31
"428",57.2356883397223,55.3307807903996,1,0,0,3,5,22
"429",57.2967310066088,54.9027093699533,1,0,0,3,4,19
"430",55.456208957904,54.67860354022,1,0,0,3,1,18
"431",55.8798477849306,55.0592856103531,1,0,0,3,1,21
"432",54.1929865599664,54.1074738484366,1,0,0,3,3,15
"433",54.8834085776387,55.1811910452448,1,0,0,3,2,19
"434",56.2648612174066,56.1494640725873,1,0,0,3,4,32
"435",58.6214419537355,57.3359155222557,1,0,0,3,11,38
"436",57.328208694789,55.9547051348787,1,0,0,3,5,35
"437",59.3985946837027,55.2811495840619,1,0,0,3,2,27
"438",57.4725535219412,56.1838008436473,1,0,0,3,5,36
"439",57.2002365369711,57.2434602713245,1,0,0,3,6,43
"440",57.3855425635956,56.7765979823233,1,0,0,3,6,41
"441",57.3430628574123,56.2057178979474,1,0,0,3,5,38
"442",57.3128697415008,56.7249669195709,1,0,0,3,4,41
"443",57.751543449468,56.6217618325628,1,0,0,3,6,40
"444",58.5358403414435,55.0698316448209,1,0,0,3,4,24
"445",56.8339345144564,55.955046339358,1,0,0,3,2,31
"446",56.513952754175,57.2873153662768,1,0,0,3,7,35
"447",55.4218594990004,57.235202634796,1,0,0,3,5,26
"448",56.0684022315399,56.7006461118209,1,0,0,3,5,33
"449",57.3685964451519,56.5423446796363,1,0,0,3,4,40
"450",57.0177817645913,57.4893237539345,1,0,0,3,8,41
"451",57.0576486346213,57.5952337429492,1,0,0,3,8,43
"452",57.1301701229831,60.2080986704594,1,0,0,3,4,29
"453",57.3144810990512,60.3643386481934,1,0,0,3,2,24
"454",58.8103777337763,60.439570938243,1,0,0,3,2,18
"455",58.2250018645172,62.3161840369248,1,0,0,3,0,5
"456",57.4878278527699,62.2781835332512,1,0,0,3,2,9
"457",58.998075093617,61.8071795745831,1,0,0,3,0,5
"458",59.1623147887685,61.9362701896918,1,0,0,3,0,5
"459",60.4820830843137,61.0644216609489,1,0,0,3,0,4
"460",60.0631173082635,61.2065812260509,1,0,0,3,0,5
"461",58.5551096314432,60.5801030011566,1,0,0,3,3,17
"462",60.164301332762,60.8648953582601,1,0,0,3,0,7
"463",61.3248918501832,61.7102599628919,1,0,0,3,0,1
"464",61.5275251308043,61.1348459275725,1,0,0,3,0,2
"465",61.4278542451307,61.3026314022031,1,0,0,3,0,1
"466",63.4031047468468,58.8033470380137,1,0,0,3,0,1
"467",63.1576743247657,60.1369707697603,1,0,0,3,0,1
"468",61.5047288441378,61.3206048914613,1,0,0,3,0,1
"469",62.5298763613073,63.6567978031483,1,0,0,3,0,0
"470",62.8607049687454,63.1644481224713,1,0,0,3,0,0
"471",63.89860789953,63.2875297153264,1,0,0,3,0,2
"472",63.3579040057931,64.8432323161314,1,0,0,3,0,0
"473",63.08348388375,65.0922940291497,1,0,0,3,0,0
"474",62.4089079961816,65.03634212248,1,0,0,3,0,0
"475",62.294347686351,63.5916717793714,1,0,0,3,0,0
"476",64.4499730622607,63.5857838652111,1,0,0,3,0,3
"477",65.2558935252988,63.4170629625558,1,0,0,3,1,9
"478",64.6311459581922,64.2107295508098,1,0,0,3,0,2
"479",65.5569245675657,64.2284121957489,1,0,0,3,1,5
"480",65.916848368915,62.4050170827605,1,0,0,3,2,15
"481",65.5053882170663,62.1969714128224,1,0,0,3,2,14
"482",65.9659678874922,62.5062766185003,1,0,0,3,2,14
"483",65.2943835745535,62.2170530148602,1,0,0,3,2,11
"484",67.5336274487152,63.5614799316227,1,0,0,3,3,9
"485",68.2322020840823,64.2081511649913,1,0,0,3,0,8
"486",4.70579996239847,3.24693234204552,1,0,0,4,0,0
"487",7.68765307431527,8.76567645731181,1,0,0,4,0,0
"488",11.2913920361132,11.3587375315786,1,0,0,4,0,0
"489",14.0723115812633,15.21364476721,1,0,0,4,0,0
"490",15.651995084272,18.4602055132673,1,0,0,4,0,1
"491",17.9908492061669,21.1683585602581,1,0,0,4,0,0
"492",20.7484377737498,23.6057509240807,1,0,0,4,0,0
"493",21.0257735008249,24.380889731093,1,0,0,4,0,0
"494",23.8448625359926,26.5918782673342,1,0,0,4,0,0
"495",23.8686080939716,29.4997362482522,1,0,0,4,0,0
"496",25.6792449167302,31.133559306099,1,0,0,4,0,0
"497",27.5884094188248,34.0889957179184,1,0,0,4,0,0
"498",27.8571295667665,34.3291155185151,1,0,0,4,0,0
"499",28.6098698024718,36.2961381218022,1,0,0,4,0,0
"500",29.9663664470609,38.9970855304507,1,0,0,4,0,0
"501",31.8889805332963,40.651278591894,1,0,0,4,0,0
"502",34.6255092203151,39.5146834060634,1,0,0,4,0,0
"503",35.6729725794614,39.9920548323108,1,0,0,4,0,0
"504",35.0763992179455,40.0137067389396,1,0,0,4,0,0
"505",37.5599786895511,41.2970940984707,1,0,0,4,0,0
"506",36.5784915590321,43.5699319932356,1,0,0,4,0,0
"507",37.0531225711819,43.5551772020743,1,0,0,4,0,0
"508",37.9969197520995,46.2940656242812,1,0,0,4,0,0
"509",38.2770673152106,48.5446681351964,1,0,0,4,0,0
"510",41.4713805444885,49.3927956237572,1,0,0,4,0,1
"511",41.8293423876852,49.7375222013745,1,0,0,4,0,5
"512",43.2477795040662,50.7255940220197,1,0,0,4,2,24
"513",43.6973713922766,50.6609056707872,1,0,0,4,3,26
"514",44.9642264708411,50.9380938502828,1,0,0,4,10,38
"515",46.4415489383713,49.8616614945809,1,0,0,4,2,20
"516",46.4996008307641,51.2684664266241,1,0,0,4,9,37
"517",46.7730291261564,52.1349979407722,1,0,0,4,8,50
"518",47.9967570426694,52.599286368353,1,0,0,4,5,52
"519",49.3322102893714,54.5773858391415,1,0,0,4,12,53
"520",48.4267040131833,56.3639319812854,1,0,0,4,5,33
"521",48.5118153818559,57.3515951386564,1,0,0,4,5,31
"522",50.9353455870911,58.1155905601062,1,0,0,4,6,42
"523",51.9017346597333,57.2981878934847,1,0,0,4,3,42
"524",50.6167130040457,59.1265072998721,1,0,0,4,10,42
"525",51.9342304568649,60.6860110262138,1,0,0,4,4,37
"526",51.4194373966453,60.9470535382387,1,0,0,4,8,34
"527",51.2928611659722,60.1975704612031,1,0,0,4,8,39
"528",52.135478183751,59.3796477050636,1,0,0,4,11,42
"529",53.5823202404013,57.6210181313849,1,0,0,4,2,27
"530",54.0350854140691,58.9514805825408,1,0,0,4,2,31
"531",53.6743683737009,60.1155073904162,1,0,0,4,11,38
"532",54.7894461139781,59.4981963750944,1,0,0,4,6,38
"533",54.6279189631455,61.6454288156431,1,0,0,4,6,24
"534",55.4108538533498,62.6631477867121,1,0,0,4,1,14
"535",57.0702101055957,63.868567834807,1,0,0,4,0,4
"536",57.2653284240201,65.1505332166401,1,0,0,4,0,3
"537",58.0365544327583,64.092458167194,1,0,0,4,0,1
"538",59.2784034982196,64.3213685620295,1,0,0,4,0,0
"539",60.1892069629291,64.1344851330127,1,0,0,4,0,0
"540",60.7901290398162,64.3814896102699,1,0,0,4,0,0
"541",60.392056000444,64.8851697277818,1,0,0,4,0,0
"542",60.010502728702,62.4858963556424,1,0,0,4,0,1
"543",60.2033241893796,63.6891695156542,1,0,0,4,0,0
"544",60.5061230336726,63.1639794413878,1,0,0,4,0,0
"545",61.200839992359,63.4115714115537,1,0,0,4,0,0
"546",60.9804756635733,62.9218522462155,1,0,0,4,0,0
"547",60.8756916162079,62.8282064372495,1,0,0,4,0,0
"548",61.0874930952805,62.0505821211649,1,0,0,4,0,0
"549",59.7998587222975,63.0224624979541,1,0,0,4,0,1
"550",61.5623896488325,64.042346980608,1,0,0,4,0,0
"551",62.3833670729704,63.2070114287336,1,0,0,4,0,0
"552",61.4332179767177,64.1639788358835,1,0,0,4,0,0
"553",60.6751405609977,65.2154208764265,1,0,0,4,0,0
"554",60.961727896043,65.2910873332972,1,0,0,4,0,0
"555",60.6738662941379,64.4561159074134,1,0,0,4,0,0
"556",62.1800032524066,64.7789711458537,1,0,0,4,0,0
"557",60.8263360061192,66.1299406705584,1,0,0,4,0,1
"558",61.284521967074,66.8644703403842,1,0,0,4,0,4
"559",60.3232023153114,65.9948421828544,1,0,0,4,0,1
"560",61.2154208455567,66.4300046615444,1,0,0,4,0,1
"561",61.1034091898027,67.4144903619064,1,0,0,4,1,6
"562",60.0369974273459,68.947032958578,1,0,0,4,1,16
"563",59.6111161828494,67.2242087628129,1,0,0,4,0,2
"564",57.6550963517432,67.125936959299,1,0,0,4,1,2
"565",59.4892102997944,66.6869038008145,1,0,0,4,0,2
"566",59.9178414130447,66.0405813017937,1,0,0,4,0,1
"567",60.4413998027586,64.1795546062719,1,0,0,4,0,0
"568",60.0350021710999,65.0465999827161,1,0,0,4,0,0
"569",61.7843760264203,65.0895042923786,1,0,0,4,0,0
"570",62.3901310498458,63.9780076584575,1,0,0,4,0,0
"571",61.1348713991018,65.1399634523572,1,0,0,4,0,0
"572",61.4898803782577,66.1609543117635,1,0,0,4,0,1
"573",63.3393260991812,67.0540790226333,1,0,0,4,0,2
"574",62.6821109573125,66.6760810204874,1,0,0,4,0,2
"575",64.7992299298017,67.765037796337,1,0,0,4,0,0
"576",64.8810999993426,67.0386274737145,1,0,0,4,0,0
"577",62.2946393320638,66.3208429939684,1,0,0,4,0,1
"578",62.1260381144431,66.9543072025589,1,0,0,4,0,2
"579",60.7271381681938,67.9730093356048,1,0,0,4,1,7
"580",60.9666913500817,67.6589156289745,1,0,0,4,1,7
"581",60.0142392098077,67.7012220008091,1,0,0,4,0,5
"582",61.0129311044369,67.1775831866582,1,0,0,4,1,4
"583",60.7584522986542,68.3708853546533,1,0,0,4,2,12
"584",60.1187526771241,65.9062907538408,1,0,0,4,0,1
"585",58.9118743247726,64.4930065944867,1,0,0,4,0,0
"586",58.147632688437,63.9932139446985,1,0,0,4,0,1
"587",58.5047275307546,62.8793443496502,1,0,0,4,0,5
"588",59.9392373348538,62.8645778867192,1,0,0,4,0,1
"589",60.0693271373257,64.3463019196275,1,0,0,4,0,0
"590",59.700342563434,66.215773524223,1,0,0,4,0,1
"591",60.2497721957798,66.3241440736197,1,0,0,4,0,1
"592",61.5751960680443,66.320467027093,1,0,0,4,0,1
"593",62.5743483462518,66.0053555199209,1,0,0,4,0,1
"594",62.7477957900391,66.0537972424677,1,0,0,4,0,0
"595",63.0286533864431,65.9759385567647,1,0,0,4,0,0
"596",62.7312415440376,66.3754419662891,1,0,0,4,0,2
"597",61.6759764059902,66.1841635059923,1,0,0,4,0,1
"598",63.3050526761714,66.5081503348815,1,0,0,4,0,1
"599",63.1032349122456,65.5148751979507,1,0,0,4,0,0
"600",65.2476746196106,66.3939418585062,1,0,0,4,0,0
"601",66.6217071784277,67.3796121301827,1,0,0,4,0,0
"602",65.2405008545642,68.3386983399774,1,0,0,4,0,0
"603",65.2798436186082,69.5328315805098,1,0,0,4,0,1
"604",63.5986474616732,69.5685047594598,1,0,0,4,1,9
"605",64.0983527898894,71.9121925863819,1,0,0,4,1,5
"606",64.9655140473073,72.6182240650062,1,0,0,4,0,2
"607",65.211055786524,72.8285164717888,1,0,0,4,0,1
"608",66.3251938524053,73.2092154281315,1,0,0,4,0,0
"609",66.869003653769,72.3471412563736,1,0,0,4,0,1
"610",66.1524133771099,72.7610897412671,1,0,0,4,0,0
"611",65.5695778937961,73.1261501805575,1,0,0,4,0,0
"612",65.6358879116616,72.8346113845595,1,0,0,4,0,0
"613",65.0657425810887,72.8476241312401,1,0,0,4,0,2
"614",65.2053704601313,71.9355163344525,1,0,0,4,0,1
"615",65.9851797952479,71.13064801335,1,0,0,4,0,0
"616",65.1747926283683,69.8032472765169,1,0,0,4,0,1
"617",62.052691990433,69.2134903772699,1,0,0,4,3,17
"618",61.9283440559514,69.0884687248513,1,0,0,4,3,16
"619",60.7552965951683,69.841581355888,1,0,0,4,6,22
"620",60.2767241685234,69.1084597900691,1,0,0,4,3,17
"621",62.5012046542979,67.2189160880118,1,0,0,4,0,3
"622",62.0349046890228,66.8784298464653,1,0,0,4,0,2
"623",61.123598877423,68.0449938005395,1,0,0,4,1,7
"624",62.2833715200188,65.5152395208021,1,0,0,4,0,0
"625",61.6782244927109,63.8633654506763,1,0,0,4,0,0
"626",60.727607707474,64.3481030299912,1,0,0,4,0,0
"627",60.5044281474426,64.8543289980591,1,0,0,4,0,0
"628",59.9082371492748,63.2427460150762,1,0,0,4,0,0
"629",60.1078122483054,62.9015524236198,1,0,0,4,0,0
"630",59.8699490263333,62.6659013979862,1,0,0,4,0,2
"631",59.3680985200262,62.9629553523501,1,0,0,4,0,2
"632",58.8662999349487,61.8678708777628,1,0,0,4,0,5
"633",56.7353664452402,60.7162519926524,1,0,0,4,4,26
"634",57.5752335568517,61.1299323029937,1,0,0,4,3,16
"635",57.8331270979229,61.4671365699283,1,0,0,4,3,14
"636",58.2074201784161,61.608274911211,1,0,0,4,3,8
"637",60.72487157246,62.0891758039781,1,0,0,4,0,1
"638",60.8497439374038,60.5643220240564,1,0,0,4,0,4
"639",62.7465414677688,60.7907968479032,1,0,0,4,0,1
"640",61.4783268890178,60.4802499261747,1,0,0,4,0,2
"641",62.5165002515364,60.0093270800932,1,0,0,4,0,3
"642",61.6144063570221,59.7491140082745,1,0,0,4,0,3
"643",61.4932490471076,59.2696196583648,1,0,0,4,0,4
"644",62.9171578274732,60.2709505813461,1,0,0,4,0,1
"645",62.5499890399777,59.9893735607475,1,0,0,4,0,3
"646",63.5244285909661,59.3739677996419,1,0,0,4,0,1
"647",63.0898699751534,60.4133989674124,1,0,0,4,0,1
"648",63.029868772661,62.769670687452,1,0,0,4,0,0
"649",64.0299979140737,63.5946008781361,1,0,0,4,0,2
"650",65.5508290474407,63.0410983664861,1,0,0,4,1,10
"651",66.0551828245573,64.4323358848199,1,0,0,4,1,5
"652",3.75333714888576,2.96278949321545,1,0,0,5,0,0
"653",5.91375752869926,6.28722549883679,1,0,0,5,0,0
"654",7.14013379859567,10.2768637043089,1,0,0,5,0,0
"655",8.09913197918772,12.9137035310625,1,0,0,5,0,0
"656",11.2875278286272,15.1261873529178,1,0,0,5,0,3
"657",14.4643563020935,19.6201764522248,1,0,0,5,1,14
"658",15.828579439596,21.3505960855593,1,0,0,5,1,4
"659",19.4749439074075,25.2382154379721,1,0,0,5,0,0
"660",21.4445094424801,27.4653499112011,1,0,0,5,0,0
"661",23.6219156822924,29.0709214920946,1,0,0,5,0,0
"662",25.1751183355074,31.5207455708859,1,0,0,5,0,0
"663",26.3573334952505,31.5153085513049,1,0,0,5,0,0
"664",27.6421734885692,32.0372022172926,1,0,0,5,0,0
"665",30.0944455365766,34.3960932068938,1,0,0,5,0,0
"666",30.6684021445662,35.0761930893374,1,0,0,5,0,0
"667",31.803587151,36.7345035261323,1,0,0,5,0,0
"668",31.7170683404383,37.9687082905187,1,0,0,5,0,0
"669",32.6638325187991,38.2972719539739,1,0,0,5,0,0
"670",32.6790297475862,38.8090653885133,1,0,0,5,0,0
"671",33.4332103229925,39.3228300309958,1,0,0,5,0,0
"672",34.8294552282027,40.3080479638489,1,0,0,5,0,0
"673",34.6244646729533,40.3322405614976,1,0,0,5,0,0
"674",36.0923997794632,41.8019258676,1,0,0,5,0,0
"675",37.6756675837704,43.5934454022259,1,0,0,5,0,0
"676",37.6262491131265,44.868636654617,1,0,0,5,0,0
"677",38.2337421238639,45.1304806175299,1,0,0,5,0,0
"678",39.1620619317244,45.8464868002777,1,0,0,5,0,0
"679",39.0534892007969,47.043183756968,1,0,0,5,0,0
"680",40.6875588348714,47.86046191286,1,0,0,5,0,0
"681",43.0147564644497,50.0153067849524,1,0,0,5,1,11
"682",44.2840005940847,52.2757206769045,1,0,0,5,11,48
"683",45.1998990693677,50.5052858197294,1,0,0,5,5,30
"684",46.2007338292973,52.3241786726744,1,0,0,5,12,50
"685",45.802981424148,53.1114284217544,1,0,0,5,9,51
"686",47.6730863945222,54.0126011453881,1,0,0,5,8,45
"687",47.1060051523264,55.0569955751299,1,0,0,5,4,32
"688",46.5972172462467,55.3209304742166,1,0,0,5,2,28
"689",47.2598902893933,54.2095657360055,1,0,0,5,7,44
"690",48.2438430314283,55.419599813352,1,0,0,5,6,42
"691",48.0689548144981,55.9461238099217,1,0,0,5,6,37
"692",48.4650695282582,56.1797773635715,1,0,0,5,5,37
"693",49.8720184942356,56.3981459648853,1,0,0,5,6,52
"694",50.5419727594861,57.7427102475059,1,0,0,5,11,47
"695",51.0265363925871,58.5031786855203,1,0,0,5,9,43
"696",49.8104220817076,58.86683698535,1,0,0,5,8,37
"697",49.878859483202,58.6696887280819,1,0,0,5,11,40
"698",51.0005742566573,59.2527881069722,1,0,0,5,10,42
"699",50.0591991592359,58.9620825065858,1,0,0,5,9,39
"700",53.5685605443557,58.0382618298811,1,0,0,5,2,29
"701",53.8796998739814,58.1240862252212,1,0,0,5,3,28
"702",53.9401625474061,58.7997123888311,1,0,0,5,2,30
"703",55.4194709145244,58.8173901692777,1,0,0,5,3,35
"704",55.0019372077553,59.3870495454979,1,0,0,5,7,33
"705",57.1335735238886,58.7359258806243,1,0,0,5,9,36
"706",58.3824617489266,58.4293270444245,1,0,0,5,10,39
"707",58.948803547772,59.9615042163062,1,0,0,5,3,24
"708",59.8275605092957,60.4401636426061,1,0,0,5,0,9
"709",58.7593155943624,60.5586033435532,1,0,0,5,2,17
"710",57.0907929967774,60.6915177579604,1,0,0,5,4,18
"711",57.9402377084513,59.8971226154614,1,0,0,5,6,26
"712",57.4147934065901,60.5891587784761,1,0,0,5,4,20
"713",55.9587702069719,59.7758069663364,1,0,0,5,5,37
"714",55.0387490876047,58.7558630285286,1,0,0,5,3,34
"715",56.0751738542267,60.0082997102005,1,0,0,5,6,36
"716",58.797567382052,60.0496023247449,1,0,0,5,3,24
"717",58.5021647554514,57.984033795877,1,0,0,5,11,39
"718",59.9384890191764,57.2265323964397,1,0,0,5,8,27
"719",61.348390814577,58.4656740983866,1,0,0,5,0,11
"720",61.2693031092271,58.6668545669292,1,0,0,5,1,10
"721",60.8572187052348,57.3838388211046,1,0,0,5,1,14
"722",61.7674881466298,56.3420937685076,1,0,0,5,1,7
"723",61.7014303401174,55.9771380194013,1,0,0,5,1,8
"724",62.7939734506323,57.4260600115839,1,0,0,5,0,2
"725",63.6804667312337,56.5737367466674,1,0,0,5,0,0
"726",63.6288549167388,56.8775530717338,1,0,0,5,0,0
"727",63.612129767812,57.3093266795714,1,0,0,5,0,0
"728",61.9269108950673,56.1092646829579,1,0,0,5,0,5
"729",62.6366622949984,55.2688572822468,1,0,0,5,1,5
"730",61.51318875843,55.6536350245458,1,0,0,5,2,9
"731",61.7977886697811,54.3030902247546,1,0,0,5,3,13
"732",63.1245521727563,55.1622019524318,1,0,0,5,0,4
"733",61.9618563168626,54.9581036224423,1,0,0,5,3,8
"734",60.9089794532034,55.4378058516267,1,0,0,5,2,14
"735",59.3442089041312,57.9760464432957,1,0,0,5,6,30
"736",57.2333547783868,58.0043275061894,1,0,0,5,9,41
"737",55.6962731976932,58.2558039480557,1,0,0,5,7,34
"738",54.9509810544064,57.2212111695839,1,0,0,5,2,24
"739",55.7052259609591,58.4291320944223,1,0,0,5,7,33
"740",55.3896300510938,59.9833149149798,1,0,0,5,6,34
"741",55.3955614327324,59.2897367906207,1,0,0,5,2,36
"742",56.3699570475395,58.1942493397254,1,0,0,5,9,36
"743",58.6602581112522,58.3831152519046,1,0,0,5,8,37
"744",57.9823289694017,57.9485172836322,1,0,0,5,8,41
"745",56.94977110063,57.5650971671015,1,0,0,5,8,41
"746",57.2300334549339,58.0654787756143,1,0,0,5,10,40
"747",56.2893782758005,57.4278831672317,1,0,0,5,9,33
"748",58.4606351593086,57.396770808002,1,0,0,5,11,38
"749",58.1276984364017,57.3417204551085,1,0,0,5,11,41
"750",58.7103963336879,57.2120789540331,1,0,0,5,11,37
"751",58.0125405888318,56.7995521861256,1,0,0,5,8,38
"752",57.0288343593466,57.1818111594967,1,0,0,5,6,40
"753",57.9876638928479,58.7100518508651,1,0,0,5,10,38
"754",57.1226030355497,58.6602988479065,1,0,0,5,9,35
"755",57.9732683596654,59.2343893098277,1,0,0,5,5,38
"756",59.3429158555147,58.2586312778975,1,0,0,5,7,30
"757",59.1798162951439,57.6074426540357,1,0,0,5,8,32
"758",59.3382744989286,58.5906679675813,1,0,0,5,3,28
"759",59.7263760493894,58.6727964778204,1,0,0,5,3,25
"760",60.4084032443121,58.0340114337784,1,0,0,5,3,18
"761",59.9901750227192,58.3511980299811,1,0,0,5,3,24
"762",60.1764263641499,58.5160476709327,1,0,0,5,2,21
"763",59.2617391370511,58.2189199745655,1,0,0,5,7,32
"764",58.0918926378243,57.9206376167039,1,0,0,5,9,44
"765",57.4114494840785,56.7036236728671,1,0,0,5,6,41
"766",59.7258603385346,57.5797566214701,1,0,0,5,8,29
"767",59.1214837425718,56.8253444304251,1,0,0,5,10,30
"768",56.7533287631966,58.0264612450016,1,0,0,5,9,38
"769",55.4443553332752,57.0983179276067,1,0,0,5,4,25
"770",55.5351639746008,57.2746630102802,1,0,0,5,7,25
"771",55.5407663362634,57.8657986101644,1,0,0,5,8,30
"772",55.9432841102692,58.1671905211016,1,0,0,5,8,37
"773",57.5420705147745,58.3169376620819,1,0,0,5,10,41
"774",57.1247377324125,57.3861768793302,1,0,0,5,9,43
"775",59.0611519216604,58.2313641115756,1,0,0,5,7,31
"776",60.5081838197944,58.3933520044037,1,0,0,5,2,15
"777",60.4556923132885,58.4148194426163,1,0,0,5,2,15
"778",61.6397127275766,57.3719862805337,1,0,0,5,0,10
"779",61.8252433545988,56.1650425025081,1,0,0,5,0,6
"780",61.4594297590014,54.6566236306358,1,0,0,5,3,10
"781",60.3792162293292,53.6166241469387,1,0,0,5,3,25
"782",60.079317767178,54.8281649285692,1,0,0,5,0,17
"783",60.3075454115886,55.0297620845753,1,0,0,5,0,14
"784",59.2477909348953,54.8276086598429,1,0,0,5,2,25
"785",58.9175093610684,55.5496871988703,1,0,0,5,5,29
"786",60.2302371841398,54.9325348398614,1,0,0,5,0,15
"787",60.9851118254925,55.0188588489052,1,0,0,5,2,12
"788",60.5077084256361,55.6867626186626,1,0,0,5,1,19
"789",61.7926997995051,54.6557495897382,1,0,0,5,3,10
"790",62.6828839622495,54.1710759335721,1,0,0,5,2,12
"791",62.0686029449716,53.2179063644684,1,0,0,5,2,25
"792",61.9494394246367,53.3070768265452,1,0,0,5,1,25
"793",61.6444157515655,51.7356813747176,1,0,0,5,11,43
"794",60.8440421017637,51.9578680128634,1,0,0,5,9,41
"795",60.0337704700442,52.9517926725214,1,0,0,5,4,29
"796",59.9733402047018,52.9356045579933,1,0,0,5,4,28
"797",59.8728758964779,53.565330124896,1,0,0,5,3,20
"798",59.3001898553545,53.0642434988439,1,0,0,5,4,22
"799",59.4154099419939,53.3553998904624,1,0,0,5,3,21
"800",58.6363127379541,54.1866460440325,1,0,0,5,0,19
"801",59.56185633767,54.7162100609071,1,0,0,5,0,22
"802",61.403545673098,55.7786588923657,1,0,0,5,2,11
"803",61.3674835718906,57.1679932873019,1,0,0,5,1,11
"804",61.1525671094943,59.3963843111553,1,0,0,5,2,5
"805",61.7553351895996,58.9711338869216,1,0,0,5,0,4
"806",61.2813285420199,58.9267210564919,1,0,0,5,1,7
"807",60.921464775634,59.2631848911884,1,0,0,5,2,8
"808",3.50496114100495,4.28302057521312,1,0,0,6,0,0
"809",6.04805325623498,7.99806889131759,1,0,0,6,0,0
"810",8.71418354723973,10.8840339473943,1,0,0,6,0,0
"811",11.8260259420259,12.2384989459695,1,0,0,6,0,0
"812",15.0626192351076,15.132936834143,1,0,0,6,0,3
"813",19.1647839646807,17.4724624414318,1,0,0,6,0,1
"814",21.1428465894395,20.693992240183,1,0,0,6,0,0
"815",21.9263811263312,20.4479677497649,1,0,0,6,0,0
"816",23.0405426561637,20.7879514404511,1,0,0,6,0,0
"817",24.7411495680603,21.5685479707362,1,0,0,6,0,0
"818",27.0995432350579,24.1171247601934,1,0,0,6,0,1
"819",28.1977538785124,25.3639302811915,1,0,0,6,0,1
"820",31.164371725185,28.4308362014649,1,0,0,6,1,7
"821",32.410842651647,31.5282134682308,1,0,0,6,0,3
"822",32.6226776570796,30.5548653904974,1,0,0,6,0,10
"823",34.8315822860016,32.6200662683666,1,0,0,6,0,7
"824",37.505810010296,35.1761728189811,1,0,0,6,0,1
"825",40.8184305580134,36.7160451978865,1,0,0,6,0,0
"826",41.3258517960468,39.4771005368919,1,0,0,6,0,0
"827",43.8751059768765,41.386432269222,1,0,0,6,0,2
"828",44.8744605344018,41.1568802679293,1,0,0,6,0,2
"829",45.2396728511931,42.7135267392198,1,0,0,6,0,0
"830",48.8125553230474,42.3905568246032,1,0,0,6,1,1
"831",49.1134572157013,43.0981822959165,1,0,0,6,0,1
"832",49.7605719517669,42.7120756254433,1,0,0,6,0,1
"833",51.9516624359447,43.3846100356342,1,0,0,6,0,0
"834",53.5171545235067,44.2696020856945,1,0,0,6,0,0
"835",54.1155458277388,46.748651422799,1,0,0,6,0,0
"836",55.1714428258198,47.2637432230269,1,0,0,6,0,0
"837",54.5415327776654,49.2887446167621,1,0,0,6,0,0
"838",54.8230421880406,48.7282302397986,1,0,0,6,0,0
"839",54.4439418681005,49.6575264478697,1,0,0,6,0,0
"840",55.0342630542323,49.2544969285539,1,0,0,6,0,0
"841",54.3326245758172,49.9055291218511,1,0,0,6,0,1
"842",53.7076424983055,52.397020035539,1,0,0,6,0,8
"843",56.1113748058771,55.1728729357315,1,0,0,6,1,21
"844",55.7938572669088,55.9799033846723,1,0,0,6,2,27
"845",54.4358179891115,55.8704664749951,1,0,0,6,6,19
"846",55.8803575443458,57.0582613905743,1,0,0,6,5,31
"847",57.6805424724688,58.5535985105807,1,0,0,6,10,39
"848",58.6931320992475,59.6334584781605,1,0,0,6,4,28
"849",57.6851047277134,58.7333538928281,1,0,0,6,10,39
"850",57.7141550481905,58.7658071126344,1,0,0,6,10,38
"851",58.3357394527568,59.0264766554772,1,0,0,6,6,34
"852",59.117061691416,60.4679447788233,1,0,0,6,2,15
"853",60.8445687013016,61.1495979886722,1,0,0,6,0,3
"854",59.214750564198,60.4916012040386,1,0,0,6,2,15
"855",59.3632568065614,60.811411081441,1,0,0,6,1,11
"856",60.4625803784207,61.0074789467774,1,0,0,6,0,4
"857",61.0677624602219,59.7850938089201,1,0,0,6,1,5
"858",60.8396787914567,61.6276802468079,1,0,0,6,0,2
"859",61.4571768648749,61.9786707899126,1,0,0,6,0,0
"860",62.2468641095023,62.451480518455,1,0,0,6,0,0
"861",63.0650036959624,62.9248227588693,1,0,0,6,0,0
"862",64.4199439994775,63.2286771644336,1,0,0,6,0,4
"863",65.6401900108366,65.0390863537646,1,0,0,6,0,1
"864",65.7345355775516,65.1086344365895,1,0,0,6,0,1
"865",66.0972917077627,66.4518632695952,1,0,0,6,0,0
"866",65.2527568340653,66.7709798408524,1,0,0,6,0,0
"867",66.0342837350245,65.6175831964472,1,0,0,6,0,1
"868",66.7395347323553,65.5247652701167,1,0,0,6,0,1
"869",66.8857927630346,65.8896821567385,1,0,0,6,0,1
"870",67.7204651731856,66.8901682246803,1,0,0,6,0,0
"871",66.6993090056665,68.4297094992316,1,0,0,6,0,1
"872",67.0050509235994,68.0221092713204,1,0,0,6,0,0
"873",69.2076576800416,67.4495388730019,1,0,0,6,0,7
"874",69.480896972184,67.5481388739865,1,0,0,6,0,11
"875",69.1942772078838,68.0819451905866,1,0,0,6,0,7
"876",68.8434634910655,68.8798164518619,1,0,0,6,0,2
"877",67.5404434704802,67.5969674379346,1,0,0,6,0,0
"878",68.2221464270655,68.3118148098875,1,0,0,6,0,2
"879",68.2861742418115,68.3659477550303,1,0,0,6,0,2
"880",68.1481845095365,68.5509808731655,1,0,0,6,0,2
"881",69.2237463933378,66.5347197070017,1,0,0,6,0,5
"882",68.3344787061041,64.454686477878,1,0,0,6,0,8
"883",68.792850694917,63.3998449036378,1,0,0,6,1,12
"884",67.4637689757157,63.5236439920425,1,0,0,6,3,11
"885",67.4283944881326,62.6799669896245,1,0,0,6,5,18
"886",65.8418372870779,61.4532475458139,1,0,0,6,5,19
"887",64.7852104111544,61.7365834516428,1,0,0,6,1,9
"888",63.2349029906472,62.2369549874919,1,0,0,6,0,1
"889",61.7743956351708,63.5577410498864,1,0,0,6,0,0
"890",60.9028069979765,63.6890952008112,1,0,0,6,0,0
"891",61.7227282446677,63.5086132664216,1,0,0,6,0,0
"892",61.8750213931235,63.816965388602,1,0,0,6,0,0
"893",60.8028207810427,62.9185735066114,1,0,0,6,0,0
"894",61.5330865851349,62.5531374569771,1,0,0,6,0,0
"895",61.9721746013628,62.4875762086575,1,0,0,6,0,0
"896",60.5203809594214,63.4830285026783,1,0,0,6,0,0
"897",58.7375738549332,62.6367079917957,1,0,0,6,0,5
"898",59.6810358414358,63.0879625205301,1,0,0,6,0,1
"899",58.17406771795,64.0614834987675,1,0,0,6,0,1
"900",57.589762578078,63.0264179446732,1,0,0,6,0,4
"901",57.857534714042,62.5474343809126,1,0,0,6,0,5
"902",58.218473655817,63.1417569497971,1,0,0,6,0,4
"903",59.2438710181682,63.8225366228038,1,0,0,6,0,0
"904",60.2240945364671,63.2567695671274,1,0,0,6,0,0
"905",59.9206234739514,64.5888656729751,1,0,0,6,0,0
"906",59.7019123677289,65.9241321198659,1,0,0,6,0,1
"907",57.3747139818537,65.41112879211,1,0,0,6,0,3
"908",55.9216938120047,62.5546718505449,1,0,0,6,0,14
"909",56.6128859455778,62.228048922464,1,0,0,6,2,11
"910",57.9468758344757,63.065001317883,1,0,0,6,0,4
"911",56.5581686585368,62.8579322133805,1,0,0,6,0,8
"912",57.1345567461247,61.8767445320942,1,0,0,6,3,13
"913",58.102264026658,61.296641772106,1,0,0,6,4,13
"914",58.0729726069538,60.7326149791396,1,0,0,6,3,16
"915",59.3853247525844,60.9125416700733,1,0,0,6,1,10
"916",58.2650902571739,62.1077142081083,1,0,0,6,1,6
"917",58.9049789681985,61.0197263340331,1,0,0,6,2,12
"918",57.5113826559161,61.5047311635978,1,0,0,6,3,14
"919",58.5273979929066,61.1733863009429,1,0,0,6,3,13
"920",57.9149103824433,60.4335899350062,1,0,0,6,4,18
"921",57.7336086744344,60.4390242026891,1,0,0,6,3,20
"922",56.4525963718598,62.2382987165538,1,0,0,6,1,11
"923",55.0327057700784,63.3901824001244,1,0,0,6,1,10
"924",56.4205919473564,63.2217710424485,1,0,0,6,0,10
"925",56.1564496973815,62.6326264376412,1,0,0,6,0,11
"926",56.2036192364956,60.5435899650957,1,0,0,6,4,31
"927",56.511494569163,60.5978699589348,1,0,0,6,3,28
"928",55.2015616047266,60.2959986968026,1,0,0,6,8,31
"929",56.0659086623287,60.0469412199387,1,0,0,6,6,35
"930",55.7945147950825,59.9326853787563,1,0,0,6,4,34
"931",57.2136970854716,59.6001504177683,1,0,0,6,6,33
"932",56.4514489648836,59.0334953208015,1,0,0,6,5,36
"933",57.1036892866176,59.7815869589855,1,0,0,6,5,33
"934",56.6508653653199,59.7358939419472,1,0,0,6,5,40
"935",57.4192223178459,60.810101202723,1,0,0,6,4,19
"936",56.3782054223568,60.4557292499565,1,0,0,6,3,31
"937",57.1587805554296,59.3279732307781,1,0,0,6,7,33
"938",58.142904109301,58.8548203043264,1,0,0,6,7,38
"939",57.986166554202,58.0244500322639,1,0,0,6,9,41
"940",58.2865950126184,57.2926747972343,1,0,0,6,11,38
"941",57.2345327936569,59.0679662209122,1,0,0,6,7,38
"942",57.9404096637962,59.437949795333,1,0,0,6,4,33
"943",58.221875562307,59.36388884096,1,0,0,6,4,35
"944",56.2465647219177,60.2103767485465,1,0,0,6,5,34
"945",55.0982741889087,61.082044619859,1,0,0,6,6,28
"946",55.8161814806858,59.5070041025106,1,0,0,6,5,39
"947",56.4838357154933,58.2714234381387,1,0,0,6,8,36
"948",57.2257136601098,58.7654943012174,1,0,0,6,9,36
"949",57.1500900606064,56.6649309890524,1,0,0,6,4,41
"950",56.3376442544873,54.2512156918314,1,0,0,6,3,14
"951",56.7293489515476,54.7183483145629,1,0,0,6,4,18
"952",55.7975229392194,55.619146778298,1,0,0,6,2,26
"953",55.192779060114,53.9902744114679,1,0,0,6,1,16
"954",55.3963979604454,52.5635715559387,1,0,0,6,1,5
"955",54.9634016016506,52.6887018380902,1,0,0,6,0,7
"956",53.5186536849473,53.4866989538409,1,0,0,6,3,15
"957",54.2663855872877,53.5907469309572,1,0,0,6,1,13
"958",55.5791321181385,53.6485475215994,1,0,0,6,1,13
"959",55.8639388652733,53.810472099409,1,0,0,6,0,12
"960",56.6551520143695,53.2208992025489,1,0,0,6,1,11
"961",3.362982759497,2.36600748036548,1,0,0,7,0,0
"962",6.53226778703364,5.41052330251852,1,0,0,7,0,0
"963",10.4606452970729,6.40665761308921,1,0,0,7,0,0
"964",11.9229419606361,10.4407321317367,1,0,0,7,0,0
"965",15.0717556379034,13.662094504296,1,0,0,7,1,6
"966",14.8238435892984,18.3250760216333,1,0,0,7,1,3
"967",15.3343106342035,19.8572069056507,1,0,0,7,0,5
"968",18.0715133852165,21.8394520216637,1,0,0,7,0,0
"969",19.0229219005456,24.5500929174077,1,0,0,7,0,0
"970",21.2596550985903,25.933874840691,1,0,0,7,0,0
"971",22.4915624767913,27.6911991892929,1,0,0,7,0,0
"972",23.9031227875353,30.7220523778953,1,0,0,7,0,0
"973",25.3351826958657,31.0969800697934,1,0,0,7,0,0
"974",26.2994304914434,32.1394620964615,1,0,0,7,0,0
"975",27.1960176690525,35.2163204694434,1,0,0,7,0,0
"976",28.1469586773634,36.5349005132669,1,0,0,7,0,0
"977",28.2025724345702,37.1023816569168,1,0,0,7,0,0
"978",29.9950035567648,37.9815068374402,1,0,0,7,0,0
"979",31.0737308142655,39.5884105235838,1,0,0,7,0,0
"980",32.5451866213413,40.8779711071206,1,0,0,7,0,0
"981",34.5703083123471,41.9623451124681,1,0,0,7,0,0
"982",36.1230015801491,43.8781113276079,1,0,0,7,0,0
"983",37.0814752676422,44.9371989967577,1,0,0,7,0,0
"984",37.9897274379239,46.0861629244597,1,0,0,7,0,0
"985",37.2550354099906,46.364669486298,1,0,0,7,0,0
"986",40.5940156010598,47.5318951616825,1,0,0,7,0,0
"987",40.2328561534975,49.7797953666688,1,0,0,7,0,2
"988",39.9634814188458,49.2217191561716,1,0,0,7,0,0
"989",40.3798984877494,48.2712034022818,1,0,0,7,0,0
"990",40.186171761315,49.2048733771019,1,0,0,7,0,0
"991",42.4401659126992,50.171195423128,1,0,0,7,1,8
"992",43.2875301888966,51.7328438514359,1,0,0,7,5,36
"993",43.5539436717878,50.7621497355032,1,0,0,7,4,26
"994",44.3229003152584,52.334463400438,1,0,0,7,11,48
"995",45.364279304841,52.5572289231361,1,0,0,7,12,52
"996",46.3138933577792,52.8675013580266,1,0,0,7,10,53
"997",46.3153565348053,53.8354853254026,1,0,0,7,8,43
"998",44.9641922225031,53.5025930566698,1,0,0,7,9,50
"999",44.8839800200415,55.2280078139097,1,0,0,7,3,30
